Company Name,link
A & A Auto Parts,/a-a-auto-parts-store-hours-locations
A & A Automotive,/a-a-automotive-store-hours-locations
A & A Construction,/a-a-construction-store-hours-locations
A & A Electric,/a-a-electric-store-hours-locations
A & A Enterprises,/a-a-enterprises-store-hours-locations
A & A Locksmith,/a-a-locksmith-store-hours-locations
A & A Motors,/a-a-motors-store-hours-locations
A & B Automotive,/a-b-automotive-store-hours-locations
A & B Construction,/a-b-construction-store-hours-locations
A & B Electric,/a-b-electric-store-hours-locations
A & B Glass,/a-b-glass-store-hours-locations
A & B Roofing,/a-b-roofing-store-hours-locations
A & B Towing,/a-b-towing-store-hours-locations
A & D Automotive,/a-d-automotive-store-hours-locations
A & E Locksmith,/a-e-locksmith-store-hours-locations
A & G,/a-g-store-hours-locations
A & J Automotive,/a-j-automotive-store-hours-locations
A & J Construction,/a-j-construction-store-hours-locations
A & K Railroad Materials,/a-k-railroad-materials-store-hours-locations
A & M Automotive,/a-m-automotive-store-hours-locations
A & M Berk Tax Service,/a-m-berk-tax-service-store-hours-locations
A & M Discount Beverage,/a-m-discount-beverage-store-hours-locations
A & M Enterprises,/a-m-enterprises-store-hours-locations
A & M Market,/a-m-market-store-hours-locations
A & P Super Foodmart,/a-p-super-foodmart-store-hours-locations
A & R Transport,/a-r-transport-store-hours-locations
A & S Bargain Books,/a-s-bargain-books-store-hours-locations
A & S Building Systems,/a-s-building-systems-store-hours-locations
A & S Construction,/a-s-construction-store-hours-locations
A & S Electric,/a-s-electric-store-hours-locations
A & S Enterprises,/a-s-enterprises-store-hours-locations
A & T Nails,/a-t-nails-store-hours-locations
A 0 Emergency 24 Hour Locksmith,/a-0-emergency-24-hour-locksmith-store-hours-locations
A 1 24 Hour 7 Day Emergency Locksmith,/a-1-24-hour-7-day-emergency-locksmith-store-hours-locations
A 1 24 Hour A Emergency Locksmith,/a-1-24-hour-a-emergency-locksmith-store-hours-locations
A 1 24 Hour A Locksmith,/a-1-24-hour-a-locksmith-store-hours-locations
A 1 Emergency Locksmith Service,/a-1-emergency-locksmith-service-store-hours-locations
A 1 Hours Emergency Locksmith,/a-1-hours-emergency-locksmith-store-hours-locations
A 1 Locksmith,/a-1-locksmith-store-hours-locations
